{
  "version": "2021.1",
  "applications": [],
  "platforms": [
    {
      "name": "finalwrapper"
    }
  ],
  "systems": [
    {
      "name": "EndProduct_system",
      "platform": "C:/Users/solan/OneDrive/Desktop/finacapstone/finalwrapper/export/finalwrapper/finalwrapper.xpfm",
      "sysConfig": "finalwrapper",
      "buildConfig": "Debug",
      "applications": [
        {
          "name": "EndProduct",
          "platform": "C:/Users/solan/OneDrive/Desktop/finacapstone/finalwrapper/export/finalwrapper/finalwrapper.xpfm",
          "platformPath": "C:\\Users\\solan\\OneDrive\\Desktop\\finacapstone\\finalwrapper\\export\\finalwrapper",
          "sysConfig": "finalwrapper",
          "domain": "standalone_ps7_cortexa9_0",
          "system": "EndProduct_system"
        }
      ],
      "platformPath": "C:\\Users\\solan\\OneDrive\\Desktop\\finacapstone\\finalwrapper\\export\\finalwrapper"
    }
  ],
  "others": []
}